{"model_version": "v1", "training_time": 0.008267402648925781, "datasize": 10, "train_size": 7, "val_size": 3, "validation_accuracy": 0.6666666666666666}